WHF,0,1,All
0,0.5005882352941177,0.19205882352941175,0.6926470588235294
1,0.1501470588235294,0.15720588235294117,0.3073529411764706
All,0.6507352941176471,0.3492647058823529,1.0
